executed_at,model_id,lora_dir,prompt,base_output,finetuned_output,lora_r,lora_alpha,lora_dropout,learning_rate,num_train_epochs,per_device_train_batch_size,gradient_accumulation_steps,max_new_tokens,train_eval_loss,validation_loss,overfit_loss_gap,overfit_ppl_ratio,overfit_level,overfit_eval_dataset,train_eval_sample_size
2026-04-30T19:15:29.837861+00:00,google/gemma-3-1b-it,./checkpoints/gemma-3-1b-it-gsm8k-lora,Give me a math problem that involves addition and apples for kids of 1st grade. Also solve the problem.,"user
Give me a math problem that involves addition and apples for kids of 1st grade. Also solve the problem.
model
Okay, here's a math problem suitable for a 1st grader, along with the solution:

**Problem:**

Lily has 5 red apples and 3 green apples. How many apples does Lily have in all?

**Solution:**

1. **Add the apples:** 5 + 3 = 8
2. **Answer:** Lily has 8 apples in all.

---

Would you like me to give you another problem, perhaps with a different topic?","user
Give me a math problem that involves addition and apples for kids of 1st grade. Also solve the problem.
model
There are 20 apples in the basket. There are 1/3 times as many apples in each basket in the orchard. There are 4 baskets of apples in the orchard. What is the total number of apples there?
The total number of apples in the orchard is 1/3*4*20=<<1/3*4*20=80>>80.
#### 80",,,,,,,,,,,,,,,
2026-04-30T19:15:29.837861+00:00,google/gemma-3-1b-it,./checkpoints/gemma-3-1b-it-gsm8k-lora,Give me a math problem that involves multiplication and oranges for kids of 2nd grade. Also solve the problem.,"user
Give me a math problem that involves multiplication and oranges for kids of 2nd grade. Also solve the problem.
model
Okay, here's a math problem suitable for a 2nd-grade student, involving multiplication and oranges:

**Problem:**

Farmer Giles has 12 oranges. He wants to share them equally among his 3 friends.  If he gives each friend 5 oranges, how many oranges does each friend get?

**Solution:**

1. **Step 1: Find the total number of oranges**
   * Farmer Giles has 12 oranges.
   * He's sharing them with 3 friends.
   * So, the total number of oranges is 12 oranges * 3 friends = 36 oranges.

2. **Step 2: Divide the total oranges by the number of","user
Give me a math problem that involves multiplication and oranges for kids of 2nd grade. Also solve the problem.
model
There are 443 oranges in 1 box. In 4 boxes, there are 443 x 4 = <<443*4=1772>>1772 oranges.
If each orange costs $0.5, how much would the orange cost in 4 boxes?
The total cost of the 4 boxes of oranges would be $0.5 x 1772 = $<<0.5*1772=886>>886.
#### 886",,,,,,,,,,,,,,,
2026-04-30T19:15:29.837861+00:00,google/gemma-3-1b-it,./checkpoints/gemma-3-1b-it-gsm8k-lora,"If i have 3 boxes of chocolates and each box has 5 chocolates, how many chocolates do I have in total?","user
If i have 3 boxes of chocolates and each box has 5 chocolates, how many chocolates do I have in total?
model
You have 3 boxes * 5 chocolates/box = 15 chocolates.

So you have a total of 15 chocolates.
","user
If i have 3 boxes of chocolates and each box has 5 chocolates, how many chocolates do I have in total?
model
If there are 3 boxes in each box of chocolates, then I have 3 * 5 = <<3*5=15>>15 chocolates.
#### 15",,,,,,,,,,,,,,,
2026-05-02T22:59:08.061333+00:00,google/gemma-3-270m-it,./checkpoints/gemma-3-270-it-gsm8k-lora,Give me a math problem that involves addition and apples for kids of 1st grade. Also solve the problem.,"user
Give me a math problem that involves addition and apples for kids of 1st grade. Also solve the problem.
model
Okay, here's a math problem involving addition and apples for 1st graders:

**Problem:**

Sarah has 12 apples. She wants to share them equally with her 4 friends. How many apples does each friend get?

**Answer:**

Each friend gets 12 apples.
","user
Give me a math problem that involves addition and apples for kids of 1st grade. Also solve the problem.
model
Let A = number of apples, B = number of oranges, C = number of bananas, and D = number of berries. We know that A + B + C + D = 41
We can write the equation, B = 2*C + 5
We can also write the equation, B = 1*D + 4
Substituting the first two equations into the third equation, we get B = D + 4
So far, the equation that gives you the total number of fruits is D = 41/4
Since B = 2*C + 5, the equation we have to evaluate tells us is also equal to the total number of fruits that 2.5 grapes.",,,,,,,,,,,,,,,
2026-05-02T22:59:08.061333+00:00,google/gemma-3-270m-it,./checkpoints/gemma-3-270-it-gsm8k-lora,Give me a math problem that involves multiplication and oranges for kids of 2nd grade. Also solve the problem.,"user
Give me a math problem that involves multiplication and oranges for kids of 2nd grade. Also solve the problem.
model
Okay, here's a math problem for 2nd-grade students about multiplication and oranges:

**Problem:**

A farmer has 3 oranges. He wants to divide them equally among 5 students. How many oranges will he have in total?

**Answer:** 8
","user
Give me a math problem that involves multiplication and oranges for kids of 2nd grade. Also solve the problem.
model
Let's first do this by multiplying all the oranges together, so 6 oranges * 1 orange = <<6*1=6>>6 oranges
Next, we multiply that amount by 2 to find out how many kids are in 2nd grade, so 6 oranges/ kid * 2 kids = <<6*2=12>>12 kids
Now let's find out how many kids in 2nd grade are there by dividing 2nd grade by 2nd grade each and 12 kids each to find the total number of kids: 12 kids / 2nd grade/kid = <<12/2=6>>6 kids
Then, we convert 12 kids",,,,,,,,,,,,,,,
2026-05-02T22:59:08.061333+00:00,google/gemma-3-270m-it,./checkpoints/gemma-3-270-it-gsm8k-lora,"If i have 3 boxes of chocolates and each box has 5 chocolates, how many chocolates do I have in total?","user
If i have 3 boxes of chocolates and each box has 5 chocolates, how many chocolates do I have in total?
model
You have 3 boxes of chocolates.
","user
If i have 3 boxes of chocolates and each box has 5 chocolates, how many chocolates do I have in total?
model
I have 2 * 3 boxes = <<2*3=6>>6 boxes
I have 6 boxes * 5 chocolates = <<6*5=30>>30 chocolates
#### 30",,,,,,,,,,,,,,,
2026-05-03T20:58:04.180628+00:00,google/gemma-3-270m-it,./checkpoints/gemma-3-270m-it-gsm8k-lora,Give me a math problem that involves addition and apples for kids of 1st grade. Also solve the problem.,"user
Give me a math problem that involves addition and apples for kids of 1st grade. Also solve the problem.
model
Okay, here's a math problem involving addition and apples:

**Problem:**

Sarah has 24 apples. She wants to divide them into 5 groups of 4 apples each. How many apples will Sarah have in total?

**Solution:**

1.  Divide the total number of apples by the number of groups:
    24 apples / 5 groups = 4 apples per group
2.  Add the number of apples in each group:
    4 apples + 4 apples = 8 apples

**Answer:** Sarah will have 8 apples in total.
","user
Give me a math problem that involves addition and apples for kids of 1st grade. Also solve the problem.
model
We know that the sum of the two problems is 12 and that 2 apples equals 6.
There are 2*1 = <<2*1=2>>2 problems for 1st grade kids.
To meet our criteria we need 12-2 = <<12-2=10>>10 apples
To have 10 apples we need to sell 10*3 = <<10*3=30>>30 apples
#### 30",16,32,0.05,0.0002,3,2,4,150,0.8733798265457153,1.0179107189178467,0.14453089237213135,1.1554973904677737,low,gsm8k_train_validation_split,512
2026-05-03T20:58:04.180628+00:00,google/gemma-3-270m-it,./checkpoints/gemma-3-270m-it-gsm8k-lora,Give me a math problem that involves multiplication and oranges for kids of 2nd grade. Also solve the problem.,"user
Give me a math problem that involves multiplication and oranges for kids of 2nd grade. Also solve the problem.
model
Okay, here's a math problem involving multiplication and oranges for 2nd grade:

**Problem:**
A farmer has 12 oranges. He wants to make 5 oranges. He divides the oranges equally among 6 students. How many oranges does each student get?

**Answer:**
Each student gets 1 orange.
","user
Give me a math problem that involves multiplication and oranges for kids of 2nd grade. Also solve the problem.
model
First find the number of oranges that are not being added: 25 - 1 = <<25-1=24>>24
Then multiply that number by the number of oranges to find the total number of oranges: 24 * 2 = <<24*2=48>>48
Then divide the number of oranges by the number of oranges added to find the total number of oranges: 48 / 2 = <<48/2=24>>24
#### 24",16,32,0.05,0.0002,3,2,4,150,0.8733798265457153,1.0179107189178467,0.14453089237213135,1.1554973904677737,low,gsm8k_train_validation_split,512
2026-05-03T20:58:04.180628+00:00,google/gemma-3-270m-it,./checkpoints/gemma-3-270m-it-gsm8k-lora,"If i have 3 boxes of chocolates and each box has 5 chocolates, how many chocolates do I have in total?","user
If i have 3 boxes of chocolates and each box has 5 chocolates, how many chocolates do I have in total?
model
You have 3 boxes of chocolates and each box has 5 chocolates.

So, you have 3 boxes * 5 chocolates/box = 15 chocolates.

Therefore, you have a total of 15 chocolates.
","user
If i have 3 boxes of chocolates and each box has 5 chocolates, how many chocolates do I have in total?
model
There are a total of 3 × 5 = <<3*5=15>>15 chocolates in each box.
Thus, there are a total of 15 × 3 = <<15*3=45>>45 chocolates in each box.
Therefore, there are a total of 45 × 3 = <<45*3=135>>135 chocolates in each box.
Hence, there are 135 × 4 = <<135*4=540>>540 chocolates in each box.
Therefore, there are a total of 540 × 3 = <<540*3=1620>>",16,32,0.05,0.0002,3,2,4,150,0.8733798265457153,1.0179107189178467,0.14453089237213135,1.1554973904677737,low,gsm8k_train_validation_split,512
2026-05-03T20:58:04.180628+00:00,google/gemma-3-270m-it,./checkpoints/gemma-3-270m-it-gsm8k-lora,"Create a math problem where the answer is 24, suitable for a 3rd grade student.","user
Create a math problem where the answer is 24, suitable for a 3rd grade student.
model
Okay, here's a math problem designed for a 3rd grader to solve:

**Problem:**

Sarah is building a tower with blocks. She has 12 blocks. She wants to build a tower that is as tall as possible, but she can only use 12 blocks. She has a block that is 4 blocks long. How tall will she have in total?
","user
Create a math problem where the answer is 24, suitable for a 3rd grade student.
model
If 19 + 7 = <<19+7=26>>26 is divisible by 3, and 24 is divisible by 3, then each number is divisible by 3, which is equal to 9. Then 24 equals 9, and hence the answer is equal to 24.
#### 24",16,32,0.05,0.0002,3,2,4,150,0.8733798265457153,1.0179107189178467,0.14453089237213135,1.1554973904677737,low,gsm8k_train_validation_split,512
2026-05-03T20:58:04.180628+00:00,google/gemma-3-270m-it,./checkpoints/gemma-3-270m-it-gsm8k-lora,Create a division word problem about sharing cookies equally for a 2nd grade student.,"user
Create a division word problem about sharing cookies equally for a 2nd grade student.
model
Okay, here's a division word problem about sharing cookies equally for a 2nd-grade student:

**Problem:**

Sarah has 12 cookies. She wants to share them with her friends. She wants to share each cookie with 3 friends.  How many cookies does each friend get?

**Answer:**

Each friend gets 1 cookie.
","user
Create a division word problem about sharing cookies equally for a 2nd grade student.
model
Each student gets 5 cookies each for the day because 2 x 5 = <<2*5=10>>10
There are 8 students in class because 10 divided by 2 equals <<10/2=5>>5
There are 25 cookies in total because 8 + 5 = <<8+5=13>>13
The student shares the cookies equally because 13 divided by 2 equals 6
#### 6",16,32,0.05,0.0002,3,2,4,150,0.8733798265457153,1.0179107189178467,0.14453089237213135,1.1554973904677737,low,gsm8k_train_validation_split,512
2026-05-03T20:58:04.180628+00:00,google/gemma-3-270m-it,./checkpoints/gemma-3-270m-it-gsm8k-lora,Create a two-step word problem involving addition and subtraction for a 3rd grade student.,"user
Create a two-step word problem involving addition and subtraction for a 3rd grade student.
model
Okay, here's a two-step word problem for a 3rd-grade student:

**Problem:**

Maria is baking a cake for a party. She wants to make her cake as big as she can. She needs to add 2 more cups of sugar to the cake. How many cups of sugar does Maria need to add to the cake to make it bigger than the current amount?

**Solution:**

1.  **Add 2 cups of sugar** to the cake.
2.  **Add 2 cups of sugar** to the cake.
","user
Create a two-step word problem involving addition and subtraction for a 3rd grade student.
model
You will be asked to add 35 to the number of apples in the bunch and divide it by two. Then add 27 to the resulting number of apples and divide it by 2. Then multiply 25 by two to find 5. Then add 18 to the resulting number of apples to find the sum. Finally, add the number of each fruit to find the total number of fruits in the bunch. Finally, add the total number of fruits to find the sum of all the fruits. Finally, add the sum of the apples and the fruits to find the sum of all the fruits. Finally, add the sum of all the apples and the fruits to find the sum of all the fruits. Finally, add the",16,32,0.05,0.0002,3,2,4,150,0.8733798265457153,1.0179107189178467,0.14453089237213135,1.1554973904677737,low,gsm8k_train_validation_split,512
2026-05-03T20:58:04.180628+00:00,google/gemma-3-270m-it,./checkpoints/gemma-3-270m-it-gsm8k-lora,Give me a percentage word problem about a discount at a store for a 6th grade student.,"user
Give me a percentage word problem about a discount at a store for a 6th grade student.
model
Okay, here's a percentage word problem related to a discount at a store:

A store offers a 10% discount on all items except for the items that are listed as ""sale items."" If a student wants to buy a new, new, and a discount item, they are expected to pay a total of $250.
What percentage of the total cost of the items is the student expected to pay?

... 10%
","user
Give me a percentage word problem about a discount at a store for a 6th grade student.
model
The discount is 100%. Since the student needs a 6th grade grade like 100%, he must have 100% - 100% = 0% of 100% of 100% = 0.
The student needs 0.60 dollars to pay off the discount, so 0.60/100 = 0.60 * 100% = 60%.
#### 60",16,32,0.05,0.0002,3,2,4,150,0.8733798265457153,1.0179107189178467,0.14453089237213135,1.1554973904677737,low,gsm8k_train_validation_split,512
2026-05-03T22:07:41.685005+00:00,google/gemma-3-1b-it,./checkpoints/gemma-3-1b/gemma-3-1b-it-r8,Give me a math problem that involves addition and apples for kids of 1st grade. Also solve the problem.,"user
Give me a math problem that involves addition and apples for kids of 1st grade. Also solve the problem.
model
Okay, here's a math problem suitable for a 1st-grade student, along with the solution:

**Problem:**

Farmer McGregor has 12 apples. He gives 5 apples to his friend, Ben. Then he buys 3 more apples. How many apples does Farmer McGregor have now?

**Solution:**

1. **Start with the initial number:** Farmer McGregor starts with 12 apples.
2. **Subtract the apples given to Ben:** Farmer McGregor gives away 5 apples, so he has 12 - 5 = 7 apples.
3. **Add the new apples:** He buys 3 more apples, so he has 7 + 3 = 10 apples.","user
Give me a math problem that involves addition and apples for kids of 1st grade. Also solve the problem.
model
Each apple weighs 1.1 pounds. If there were 6 apples left after you had 150 pounds of apples then the 150 pounds was 1.1*6=<<6*1.1=6.6>>6.6 pounds of apples.
If each of the apples weigh 1.1 pounds then 150 pounds of apples was 150/1.1=<<150/1.1=142>>142 pounds of apples.
#### 142",8,32,0.05,0.0002,3,2,4,150,0.7043412923812866,0.8868460655212402,0.1825047731399536,1.2002198797573667,low,gsm8k_train_validation_split,512
2026-05-03T22:07:41.685005+00:00,google/gemma-3-1b-it,./checkpoints/gemma-3-1b/gemma-3-1b-it-r8,Give me a math problem that involves multiplication and oranges for kids of 2nd grade. Also solve the problem.,"user
Give me a math problem that involves multiplication and oranges for kids of 2nd grade. Also solve the problem.
model
Okay, here’s a multiplication problem suitable for a 2nd-grade student, along with the solution:

**Problem:**

Tom wants to make orange juice for his friends. He has 8 oranges and he wants to share them equally with 4 friends. How many oranges will each friend get?

**Solution:**

1. **Find the total number of oranges:** Tom has 8 oranges.
2. **Divide:** He wants to share them with 4 friends, so we need to divide the total number of oranges by the number of friends: 8 oranges / 4 friends = 2 oranges per friend.

**Answer:** Each friend will get 2 oranges.

---

**Do you want to","user
Give me a math problem that involves multiplication and oranges for kids of 2nd grade. Also solve the problem.
model
Five oranges cost $1.5 and 8 oranges cost $3. How many oranges are less than $4?",8,32,0.05,0.0002,3,2,4,150,0.7043412923812866,0.8868460655212402,0.1825047731399536,1.2002198797573667,low,gsm8k_train_validation_split,512
2026-05-03T22:07:41.685005+00:00,google/gemma-3-1b-it,./checkpoints/gemma-3-1b/gemma-3-1b-it-r8,"If i have 3 boxes of chocolates and each box has 5 chocolates, how many chocolates do I have in total?","user
If i have 3 boxes of chocolates and each box has 5 chocolates, how many chocolates do I have in total?
model
You have a total of 15 chocolates.

3 boxes * 5 chocolates/box = 15 chocolates
","user
If i have 3 boxes of chocolates and each box has 5 chocolates, how many chocolates do I have in total?
model
1 box has 3 boxes * 5 chocolates per box = <<3*5=15>>15 chocolates.
You have a total of 3 boxes + 15 chocolates = <<3+15=18>>18 chocolates
#### 18",8,32,0.05,0.0002,3,2,4,150,0.7043412923812866,0.8868460655212402,0.1825047731399536,1.2002198797573667,low,gsm8k_train_validation_split,512
2026-05-03T22:07:41.685005+00:00,google/gemma-3-1b-it,./checkpoints/gemma-3-1b/gemma-3-1b-it-r8,"Create a math problem where the answer is 24, suitable for a 3rd grade student.","user
Create a math problem where the answer is 24, suitable for a 3rd grade student.
model
Okay, here's a math problem suitable for a 3rd-grade student, with the answer being 24:

**Problem:**

Sarah has 12 stickers and she gives 5 stickers to her friend, Ben. Then she buys 3 more stickers. How many stickers does Sarah have now?

**Answer:** 24

**Why it's good for a 3rd grader:**

*   **Simple Concept:** It involves addition and subtraction.
*   **Relatable:** Stickers are a common, understandable concept.
*   **Clear Steps:** It has a clear sequence of events (starts with, then gives, then buys).
*   **Easy to Visualize:**  Students can easily","user
Create a math problem where the answer is 24, suitable for a 3rd grade student.
model
A farmer has 30 chickens. The farmer sells half of his chickens for $1 each and the rest for $2 each. He decides to sell his remaining chickens at a new price. How many more dollars does he get in total for each chicken? (You can approximate 100 for this.)",8,32,0.05,0.0002,3,2,4,150,0.7043412923812866,0.8868460655212402,0.1825047731399536,1.2002198797573667,low,gsm8k_train_validation_split,512
2026-05-03T22:07:41.685005+00:00,google/gemma-3-1b-it,./checkpoints/gemma-3-1b/gemma-3-1b-it-r8,Create a division word problem about sharing cookies equally for a 2nd grade student.,"user
Create a division word problem about sharing cookies equally for a 2nd grade student.
model
Okay, here's a division word problem suitable for a 2nd-grade student, with a little extra challenge:

**Problem:**

Lily baked 36 delicious chocolate chip cookies! She wants to share them equally between her 4 friends. How many cookies will each friend get?

**Bonus Challenge:**

Lily also wants to make a small batch of cookies for her family!  If she wants to make 6 batches of cookies, how many cookies will she need in total? 

---

**Why this works for a 2nd grader:**

*   **Clear and Simple:** The problem is easy to understand with a clear scenario.
*   **Real-World Context:** Sharing cookies is relatable to their","user
Create a division word problem about sharing cookies equally for a 2nd grade student.
model
Each of four students will have 26 cookies, and there are 16 cookies in a bag, so each student gets 26/16 = <<26/16=1.625>>1.625 cookies.
Each student will share the remainder of the cookies with 1 or more of their 3 friends, so 16 - 26 - 1.625 = 1.625 cookies are leftover.
#### 1.625",8,32,0.05,0.0002,3,2,4,150,0.7043412923812866,0.8868460655212402,0.1825047731399536,1.2002198797573667,low,gsm8k_train_validation_split,512
2026-05-03T22:07:41.685005+00:00,google/gemma-3-1b-it,./checkpoints/gemma-3-1b/gemma-3-1b-it-r8,Create a two-step word problem involving addition and subtraction for a 3rd grade student.,"user
Create a two-step word problem involving addition and subtraction for a 3rd grade student.
model
Okay, here’s a two-step word problem suitable for a 3rd-grade student, incorporating addition and subtraction:

**Problem:**

Maria baked 12 cookies for her friends and gave 5 cookies to her brother.  Then, she ate 3 cookies herself. How many cookies does Maria have left?

**Let's break it down:**

1. **Start with the cookies Maria baked:**  She started with 12 cookies.
2. **Subtract the cookies she ate:**  She gave 3 cookies away, so we need to subtract 3 from 12.  12 - 3 = 9 cookies.

**Answer:** Maria has 9 cookies left.

---","user
Create a two-step word problem involving addition and subtraction for a 3rd grade student.
model
A farmer has 12 sheep and half of them have 2 legs. The other sheep have 11 sheep per leg. If he sells half of his sheep for $5 each, how much profit does he make?",8,32,0.05,0.0002,3,2,4,150,0.7043412923812866,0.8868460655212402,0.1825047731399536,1.2002198797573667,low,gsm8k_train_validation_split,512
2026-05-03T22:07:41.685005+00:00,google/gemma-3-1b-it,./checkpoints/gemma-3-1b/gemma-3-1b-it-r8,Give me a percentage word problem about a discount at a store for a 6th grade student.,"user
Give me a percentage word problem about a discount at a store for a 6th grade student.
model
Okay, here's a percentage word problem suitable for a 6th-grade student:

**Problem:**

Sarah is buying a new backpack at a store that sells backpacks for $35. The store is having a 20% discount on all backpacks.

*   What is the sale price of the backpack after the discount?
*   How much money will Sarah save by buying the backpack at the discounted price?

**Let me know if you'd like me to provide the answer key or a little more guidance!** 

---

**Answer Key (for you, not the student):**

*   **Sale Price:** $35 - (20% of $35) = $3","user
Give me a percentage word problem about a discount at a store for a 6th grade student.
model
At the store, if you have $100, you could take a 10% discount on all your purchases. How much could you spend on each item after the discount?",8,32,0.05,0.0002,3,2,4,150,0.7043412923812866,0.8868460655212402,0.1825047731399536,1.2002198797573667,low,gsm8k_train_validation_split,512
2026-05-04T22:03:18.880308+00:00,google/gemma-3-4b-it,./checkpoints/gemma-3-4b/r8,Give me a math problem that involves addition and apples for kids of 1st grade. Also solve the problem.,"user
Give me a math problem that involves addition and apples for kids of 1st grade. Also solve the problem.
model
Okay, here's a math problem perfect for a 1st grader involving apples, followed by the solution:

**Problem:**

Lily has 5 red apples and her brother, Tom, has 3 green apples. How many apples do they have altogether?

**Solution:**

1. **Understand the problem:** We need to find the total number of apples Lily and Tom have when they put their apples together.

2. **Add the numbers:** 5 (red apples) + 3 (green apples) = 8 apples

3. **Answer:** Lily and Tom have 8 apples altogether.

---

Would you like me to:

*   Create a different problem?
*   Give you another problem","user
Give me a math problem that involves addition and apples for kids of 1st grade. Also solve the problem.
model
Three kids each picked 3 apples. How many apples in total were there?
First grade kids can count up to 10 and can get an answer of 6 apples in total.
#### 6",8,32,0.05,0.0002,3,2,4,150,0.5763452053070068,0.7794463038444519,0.20310109853744507,1.2251963275431945,moderate,gsm8k_train_validation_split,512
2026-05-04T22:03:18.880308+00:00,google/gemma-3-4b-it,./checkpoints/gemma-3-4b/r8,Give me a math problem that involves multiplication and oranges for kids of 2nd grade. Also solve the problem.,"user
Give me a math problem that involves multiplication and oranges for kids of 2nd grade. Also solve the problem.
model
Okay, here’s a math problem involving multiplication and oranges that’s suitable for a 2nd grader:

**Problem:**

Lily has 3 bags of oranges. Each bag has 5 oranges in it. How many oranges does Lily have in all?

**Solution:**

This is a multiplication problem! We can solve it like this:

*   We know Lily has 3 bags.
*   We know each bag has 5 oranges.
*   To find the total number of oranges, we need to multiply 3 by 5.

3 x 5 = 15

**Answer:** Lily has 15 oranges in all.

---

**Optional extension for a bit more challenge:**","user
Give me a math problem that involves multiplication and oranges for kids of 2nd grade. Also solve the problem.
model
The baker has to make a cake and needs 3 pounds of oranges. There are 5 oranges in one pound. How many oranges does the baker need?
There are 3 x 5 = <<3*5=15>>15 oranges
#### 15",8,32,0.05,0.0002,3,2,4,150,0.5763452053070068,0.7794463038444519,0.20310109853744507,1.2251963275431945,moderate,gsm8k_train_validation_split,512
2026-05-04T22:03:18.880308+00:00,google/gemma-3-4b-it,./checkpoints/gemma-3-4b/r8,"If i have 3 boxes of chocolates and each box has 5 chocolates, how many chocolates do I have in total?","user
If i have 3 boxes of chocolates and each box has 5 chocolates, how many chocolates do I have in total?
model
You have a total of 15 chocolates.

Here's how to calculate that: 3 boxes * 5 chocolates/box = 15 chocolates
","user
If i have 3 boxes of chocolates and each box has 5 chocolates, how many chocolates do I have in total?
model
If each box has 5 chocolates then the total number of chocolates is 3*5 = <<3*5=15>>15 chocolates
#### 15",8,32,0.05,0.0002,3,2,4,150,0.5763452053070068,0.7794463038444519,0.20310109853744507,1.2251963275431945,moderate,gsm8k_train_validation_split,512
2026-05-04T22:03:18.880308+00:00,google/gemma-3-4b-it,./checkpoints/gemma-3-4b/r8,"Create a math problem where the answer is 24, suitable for a 3rd grade student.","user
Create a math problem where the answer is 24, suitable for a 3rd grade student.
model
Okay, here’s a math problem suitable for a 3rd grader, with the answer being 24:

**Problem:**

Lily is baking cookies for her friends. She wants to make 3 batches of chocolate chip cookies and 2 batches of peanut butter cookies.

Each batch of chocolate chip cookies needs 6 chocolate chips.

Each batch of peanut butter cookies needs 4 chocolate chips.

How many chocolate chips does Lily need in total?

**How to solve it:**

*   **Chocolate Chips for Chocolate Chip Cookies:** 3 batches * 6 chocolate chips/batch = 18 chocolate chips
*   **Chocolate Chips for Peanut Butter Cookies:** 2 batches * 4 chocolate chips/batch =","user
Create a math problem where the answer is 24, suitable for a 3rd grade student.
model
Mary has 8 stickers. She wants to give each of her friends 2 stickers, but she has already given 4 of her friends stickers. How many friends does Mary have left who she can give 2 stickers to?",8,32,0.05,0.0002,3,2,4,150,0.5763452053070068,0.7794463038444519,0.20310109853744507,1.2251963275431945,moderate,gsm8k_train_validation_split,512
2026-05-04T22:03:18.880308+00:00,google/gemma-3-4b-it,./checkpoints/gemma-3-4b/r8,Create a division word problem about sharing cookies equally for a 2nd grade student.,"user
Create a division word problem about sharing cookies equally for a 2nd grade student.
model
Okay, here's a division word problem suitable for a 2nd-grade student, focusing on sharing equally:

**Problem:**

Lily baked 24 delicious chocolate chip cookies for her friends. She wants to share them equally with her 3 best friends, Mia, Noah, and Olivia. How many cookies will each friend get?

**Let’s think about it:**

*   We need to divide the cookies into 4 groups (Lily and her 3 friends).
*   We need to figure out how many cookies go into each group.

**Solution:**

24 ÷ 4 = 6

**Answer:** Each friend will get 6 cookies!


---

**Why this is good for","user
Create a division word problem about sharing cookies equally for a 2nd grade student.
model
There are 15 cookies between Peter, Paul and Amy. If each student wants to get the same amount, how many cookies will each student receive?",8,32,0.05,0.0002,3,2,4,150,0.5763452053070068,0.7794463038444519,0.20310109853744507,1.2251963275431945,moderate,gsm8k_train_validation_split,512
2026-05-04T22:03:18.880308+00:00,google/gemma-3-4b-it,./checkpoints/gemma-3-4b/r8,Create a two-step word problem involving addition and subtraction for a 3rd grade student.,"user
Create a two-step word problem involving addition and subtraction for a 3rd grade student.
model
Okay, here's a two-step word problem suitable for a 3rd grade student, incorporating addition and subtraction:

**Problem:**

Sarah collected 45 seashells on the beach. She gave 18 of them to her friend, Ben. Then, her little brother, Tom, found 22 more seashells. How many seashells does Sarah have now?

**Let’s break it down:**

**Step 1:** Sarah starts with 45 seashells and gives away 18.  We need to subtract to find out how many she has left:  45 - 18 = ?

**Step 2:** Now she gains 22 more seashells. We need to add that to the","user
Create a two-step word problem involving addition and subtraction for a 3rd grade student.
model
Jamie collects cards for every birthday and holiday. She has 30 birthday cards and 24 holiday cards. If she wants to give away 1/3 of her cards, how many cards does she have left?
#### 15
#### 30
#### 24
#### 1/3
#### 30-1/3=<<30-10=20>>20
#### 20+24=<<20+24=44>>44
#### 44-30=<<44-30=14>>14
#### 14",8,32,0.05,0.0002,3,2,4,150,0.5763452053070068,0.7794463038444519,0.20310109853744507,1.2251963275431945,moderate,gsm8k_train_validation_split,512
2026-05-04T22:03:18.880308+00:00,google/gemma-3-4b-it,./checkpoints/gemma-3-4b/r8,Give me a percentage word problem about a discount at a store for a 6th grade student.,"user
Give me a percentage word problem about a discount at a store for a 6th grade student.
model
Okay, here's a percentage word problem suitable for a 6th-grade student:

**Problem:**

Sarah wants to buy a new video game that originally costs $45. The store is having a sale: 20% off all video games!

a) How much money will Sarah save on the video game?

b) What will be the final price of the video game after the discount?


**Hints to help them solve it (you can offer these as needed):**

* **Part 1 (Savings):**  To find 20% of $45, you can think of 20% as 20/100.  You can multiply the original price by","user
Give me a percentage word problem about a discount at a store for a 6th grade student.
model
A store is offering a 20% off sale on clothes. Jennefer wants to buy a pair of pants that costs $20 and a sweater that costs $15. How much will Jennefer spend on her clothes after the discount?",8,32,0.05,0.0002,3,2,4,150,0.5763452053070068,0.7794463038444519,0.20310109853744507,1.2251963275431945,moderate,gsm8k_train_validation_split,512
2026-07-28T20:00:19.940847+00:00,HuggingFaceTB/SmolLM3-3B,./checkpoints/smollm3-3b/spanish-math-r8,"Si tengo 3 cajas de chocolates y cada caja tiene 5 chocolates, ¿cuántos chocolates tengo en total?","Si tienes 3 cajas de chocolates y cada caja contiene 5 chocolates, para calcular el total de chocolates tienes que multiplicar el número de cajas por el número de chocolates en cada caja. 

3 cajas × 5 chocolates por caja = 15 chocolates

Por lo tanto, tienes un total de 15 chocolates.","Ecuación: X=(3.0*5.0)
Respuesta: 15",8,32,0.05,0.0002,3,2,4,150,,,,,,,
2026-07-28T20:00:19.940847+00:00,HuggingFaceTB/SmolLM3-3B,./checkpoints/smollm3-3b/spanish-math-r8,Hay 24 manzanas y se reparten por igual entre 6 niños. ¿Cuántas manzanas recibe cada niño?,"Cada niño recibe 4 manzanas, ya que 24 manzanas divididas por 6 niños igualan 24 ÷ 6 = 4.","Ecuación: X=(24.0/6.0)
Respuesta: 4",8,32,0.05,0.0002,3,2,4,150,,,,,,,
2026-07-28T20:00:19.940847+00:00,HuggingFaceTB/SmolLM3-3B,./checkpoints/smollm3-3b/spanish-math-r8,"Lucía tenía 18 lápices, regaló 7 y después compró 5. ¿Cuántos lápices tiene ahora?","Lucía tenía 18 lápices. Después de regalar 7, le quedaron 18 - 7 = 11 lápices. Luego, compró 5 adicionales, de manera que ahora tiene 11 + 5 = 16 lápices.","Ecuación: X=(18.0-7.0)
Respuesta: 11",8,32,0.05,0.0002,3,2,4,150,,,,,,,
2026-07-28T20:00:19.940847+00:00,HuggingFaceTB/SmolLM3-3B,./checkpoints/smollm3-3b/spanish-math-r8,Una entrada cuesta 12 pesos. ¿Cuánto cuestan 8 entradas?,"Para calcular el costo total de 8 entradas cuando cada entrada cuesta 12 pesos, simplemente multiplicamos el número de entradas por el costo de cada entrada. 

Es decir: 

8 entradas × 12 pesos por entrada = 96 pesos

Por lo tanto, 8 entradas cuestan 96 pesos.","Ecuación: X=(12.0*8.0)
Respuesta: 96",8,32,0.05,0.0002,3,2,4,150,,,,,,,
2026-07-28T20:00:19.940847+00:00,HuggingFaceTB/SmolLM3-3B,./checkpoints/smollm3-3b/spanish-math-r8,"Pedro recorrió 2,5 kilómetros el lunes y 3,75 kilómetros el martes. ¿Cuántos kilómetros recorrió en total?","Para calcular la distancia total que Pedro recorrió en total, simplemente sumamos los kilómetros que recorrió el lunes y el martes.

- El lunes recorrió 2,5 kilómetros.
- El martes recorrió 3,75 kilómetros.

Entonces, la distancia total es:
2,5 km + 3,75 km = 6,25 km

Por lo tanto, Pedro recorrió 6,25 kilómetros en total.","Ecuación: X=(2.5+3.75)
Respuesta: 6.25",8,32,0.05,0.0002,3,2,4,150,,,,,,,
2026-07-28T20:00:19.940847+00:00,HuggingFaceTB/SmolLM3-3B,./checkpoints/smollm3-3b/spanish-math-r8,Crea un problema matemático en español cuya respuesta sea 24 y resuélvelo.,"**Problema Matemático:**

Dadas las tres ecuaciones siguientes:
1. \( 2x + 3y = 15 \)
2. \( x - 2y = -5 \)
3. \( 3x + 4y = 21 \)

Encuentra los valores de \( x \) y \( y \) que satisfacen todas las ecuaciones dadas.

**Resolución del Problema:**

Primero, resolvemos el sistema de ecuaciones utilizando el método de eliminación:

1. **Ecuación 1 y Ecuación 2:**

   \( 2x + 3y = 15 \)
   \( x - 2","Ecuación: X=(18.0+6.0)
Respuesta: 24",8,32,0.05,0.0002,3,2,4,150,,,,,,,
2026-07-28T20:00:19.940847+00:00,HuggingFaceTB/SmolLM3-3B,./checkpoints/smollm3-3b/spanish-math-r8,Crea y resuelve un problema de porcentajes sobre un descuento para un estudiante de sexto grado.,"### Problema de Porcentajes: Descuento en una Tela de Ropa

**Contexto:**
Imagina que Maria tiene 100 pesos para comprar una tela de ropa que cuesta 25 pesos. La tienda ofrece un descuento del 20% si se realiza la compra. María quiere saber cuánto dinero ahorrará con el descuento y cuánto pagarán en total.

**Pregunta:**
¿Cuánto dinero salvará María con el descuento y cuánto tendrá que pagar?

**Solución:**

**Paso 1: Cálculo del Descuento:**
Maria necesita calcular cuánto es el descuento en peso.
- El descuento es del ","Ecuación: X=(162.0*0.4)
Respuesta: 64.8",8,32,0.05,0.0002,3,2,4,150,,,,,,,
2026-07-29T14:43:05.877907+00:00,HuggingFaceTB/SmolLM3-3B,./checkpoints/smollm3-3b/spanish-math-generation-r8,"Crea una pregunta original de suma para 1° Básico, con respuesta y explicación.","**Pregunta:**

¿Cuántos deditos tiene una mano humana?

**Respuesta:**

Una mano humana tiene 5 deditos.

**Explicación:**

Una mano humana, tanto en las manos derecha como en las izquierda, está compuesta por 5 dedos. Estos dedos se conocen como los dedos índice, medio, anular, menisco y pulgar. Cada uno de estos dedos tiene una función específica y están articulados entre sí, permitiendo la flexibilidad necesaria para realizar diversas acciones como escribir, apretar, etc. Por lo tanto, en total, una mano humana tiene 5 deditos.","Pregunta: En una maleta hay 5 libros y un par de zapatos. ¿Cuántos objetos hay en total?

Solución: 5 libros + 1 par de zapatos = 6 objetos",8,32,0.05,0.0002,3,2,4,400,,,,,,,
2026-07-29T14:43:05.877907+00:00,HuggingFaceTB/SmolLM3-3B,./checkpoints/smollm3-3b/spanish-math-generation-r8,Crea una pregunta de selección múltiple sobre multiplicación para 3° Básico.,"¿Cuál es el resultado de multiplicar 7 por 9?

A) 63
B) 72
C) 81
D) 90","Pregunta: En una caja hay $4$ bolsas con $3$ frutos en cada una. ¿Cuántos frutos hay en total en la caja?

Alternativas:
A) $4 + 3 = 7$
B) $4 \cdot 3 = 12$
C) $\frac{4}{3} = 1,33$
D) $\frac{3}{4} = 0,75$

Respuesta correcta: B) $4 \cdot 3 = 12$",8,32,0.05,0.0002,3,2,4,400,,,,,,,
2026-07-29T14:43:05.877907+00:00,HuggingFaceTB/SmolLM3-3B,./checkpoints/smollm3-3b/spanish-math-generation-r8,"Crea una pregunta de respuesta abierta sobre fracciones para 4° Básico, con dificultad media.",¿Cuál es el significado de una fracción y cómo se representa en la recta numérica?,"Pregunta: En un picnic, se repartió una bolsa de galletas entre 5 niños. Si en cada bolsa había 12 galletas, ¿cuántas galletas había en total?

Solución: 12 x 5 = 60 galletas",8,32,0.05,0.0002,3,2,4,400,,,,,,,
2026-07-29T14:43:05.877907+00:00,HuggingFaceTB/SmolLM3-3B,./checkpoints/smollm3-3b/spanish-math-generation-r8,"Crea una pregunta de geometría para 5° Básico, con respuesta y explicación para el docente.","**Pregunta de Geometría para 5° Básico:**

¿Cuántos triángulos rectángulos equiláteros pueden formarse si se unen 3 cuadrados de 1 cm de lado?

**Respuesta:**

3 triángulos rectángulos equiláteros.

**Explicación para el Docente:**

Para resolver esta pregunta, debemos entender qué es un triángulo rectángulo equilátero y cómo se puede formar a partir de un cuadrado.

1. **Triángulo Rectángulo Equilátero:**
   Un triángulo rectángulo equilátero es un triángulo que tiene tres lados iguales y un ángulo de 90°. Sin embargo, es importante notar que, en la realidad, un triángulo rectángulo equilátero no es posible porque si un triángulo tiene tres lados iguales, todos sus ángulos deben ser iguales (60° cada uno), lo que contradice la definición de un triángulo rectángulo.

   **Corrección:**
   El triángulo que se puede formar a partir de un cuadrado y que es rectángulo es el **triángulo rectángulo isósceles**. Este triángulo tiene dos lados iguales y un ángulo recto (90°).

2. **Formación del Triángulo:**
   Si se unen 3 cuadrados de 1 cm de lado, se pueden formar 3 triángulos rectángulos isósceles. Cada triángulo se forma uniendo dos lados adyacentes de dos cuadrados y el lado común como la hipotenusa.

3. **Cálculo de la Longitud de la Hipotenusa:**
   La hipotenusa de cada","Pregunta: En un círculo de radio $5$ cm, se inscribe un cuadrado. ¿Cuál es la longitud de cada lado del cuadrado?

Solución: Se tiene que:
$2r = 2(5) = 10$ cm
Por lo tanto, la diagonal del cuadrado mide $10$ cm
Sabemos que, en un cuadrado, el cateto es igual a $\dfrac{diagonal}{\sqrt{2}}$
Por lo tanto, cada lado mide:
$\dfrac{10}{\sqrt{2}}$ cm
Para simplificar la expresión anterior, multiplicamos el numerador y el denominador por $\sqrt{2}$ y obtenemos:
$\dfrac{10\sqrt{2}}{2}$ cm
Lo que significa que cada lado del cuadrado mide $5\sqrt{2}$ cm
Teniendo en cuenta que $\sqrt{2} \approx 1,414$
El lado mide aproximadamente $5(1,414) = 7,07$ cm",8,32,0.05,0.0002,3,2,4,400,,,,,,,
2026-07-29T14:43:05.877907+00:00,HuggingFaceTB/SmolLM3-3B,./checkpoints/smollm3-3b/spanish-math-generation-r8,"Crea una pregunta de datos y probabilidades para 6° Básico, con dificultad profunda.","**Pregunta de Datos y Probabilidades:**

Una empresa vende dos tipos de productos, A y B. Durante un mes, se vendieron 1000 unidades de productos A y 800 unidades de productos B. Se conoce que el 60% de las ventas de productos A fueron realizadas por clientes que ya habían comprado productos B, mientras que el 30% de las ventas de productos B fueron realizadas por clientes que ya habían comprado productos A. ¿Cuál es la probabilidad de que un cliente que compró un producto A también haya comprado un producto B? ¿Y cuál es la probabilidad de que un cliente que compró un producto B también haya comprado un producto A?

**Solución:**

**1. Probabilidad de que un cliente que compró un producto A también haya comprado un producto B:**

Sabemos que el 60% de las ventas de productos A fueron realizadas por clientes que ya habían comprado productos B. Esto significa que 60% de los clientes que compraron A también compraron B.

\[ P(A \cap B) = 0.60 \]

**2. Probabilidad de que un cliente que compró un producto B también haya comprado un producto A:**

Sabemos que el 30% de las ventas de productos B fueron realizadas por clientes que ya habían comprado productos A. Esto significa que 30% de los clientes que compraron B también compraron A.

\[ P(B \cap A) = 0.30 \]

Por lo tanto, la probabilidad de que un cliente que compró un producto A también haya comprado un producto B es 0.60, y la probabilidad de que un cliente que compró un producto B también haya comprado un producto A es 0.30.","Pregunta: En un lote de 24 frutas, 6 son manzanas, 8 son peras y el resto son naranjas.
Si se elige una fruta al azar del lote, ¿cuál es la probabilidad de que sea una pera?

Solución: 8
Se elige una fruta al azar del lote, de 24 en total, entonces:
Pera: 8/24 = 1/3
Por lo tanto la probabilidad de que sea una pera es de 1/3.",8,32,0.05,0.0002,3,2,4,400,,,,,,,
2026-07-29T14:43:05.877907+00:00,HuggingFaceTB/SmolLM3-3B,./checkpoints/smollm3-3b/spanish-math-generation-r8,Crea una evaluación de Matemática para 2° Básico con 3 preguntas y una pauta de respuestas.,"### Evaluación de Matemática para 2° Básico

**Pregunta 1:**
¿Cuántos días hay en un mes que tiene 31 días?

**Respuesta:**
31 días.

**Pauta de Respuesta:**
El mes de enero, marzo, mayo, julio, agosto, octubre y diciembre tiene 31 días. Por lo tanto, el número de días en un mes con 31 días es 31.

**Pregunta 2:**
¿Cuántos lados tiene una esfera?

**Respuesta:**
Ninguna esfera tiene lados.

**Pauta de Respuesta:**
Una esfera es una figura geométrica que se asemeja a una bolla de jabón o una pelota de fútbol. Las esferas son superficies lisas y redondas, por lo que no tienen lados ni bordes. Por eso, una esfera no tiene lados.

**Pregunta 3:**
¿Cuántos centímetros hay en 1 metro?

**Respuesta:**
100 centímetros.

**Pauta de Respuesta:**
1 metro se define como 100 centímetros. Esta unidad de medida es utilizada en el sistema métrico para medir distancias. Por lo tanto, 1 metro equivale a 100 centímetros.","Pregunta: ¿Qué fracción corresponde al siguiente dibujo?
______________

Solución: $\dfrac{1}{2}$",8,32,0.05,0.0002,3,2,4,400,,,,,,,
2026-07-29T14:43:05.877907+00:00,HuggingFaceTB/SmolLM3-3B,./checkpoints/smollm3-3b/spanish-math-generation-r8,Crea una evaluación de Matemática para 6° Básico con 5 preguntas variadas y una pauta de respuestas.,"Evaluación de Matemática para 6° Básico

**Preguntas:**

1. **Operaciones Básicas:**
   ¿Cuál es el resultado de 456 + 789 - 123?
   a) 1222
   b) 1221
   c) 1220
   d) 1219

2. **Multiplicación:**
   ¿Cuál es el producto de 23 y 41?
   a) 943
   b) 943
   c) 933
   d) 953

3. **División:**
   ¿Cuál es el cociente de 360 dividido entre 9?
   a) 40
   b) 41
   c) 42
   d) 43

4. **Fracciones:**
   ¿Cuál es el resultado de 3/4 + 1/2?
   a) 5/4
   b) 1 1/4
   c) 1 1/2
   d) 1 3/4

5. **Medidas:**
   ¿Cuál es el perímetro de un rectángulo con longitudes de 12 cm y 8 cm?
   a) 40 cm
   b) 48 cm
   c) 56 cm
   d) 60 cm

**Pauta de Respuestas:**

1. **Respuesta Correcta:** b) 1221
   *Explicación:* 456 + 789 = 1245; 1245 - 123 = 1222. El error está en la suma, pero la resta está correcta.

2. **Respuesta Correcta:** a) 943
   *Explicación:* 23 x 41 = 943. Esta es la multiplicación correcta.

3. **Respuesta Correcta","Pregunta: Adivina el número que está entre 600 y 700.
Sigue las siguientes indicaciones:
- Este número es par.
- Sus dígitos son distintos.
- El dígito de la unidad es el más próximo al 5 que puedas pensar.
- El dígito de la unidad es par.
¿Cuál es el número que adivinaste?

Solución: El número es 642.",8,32,0.05,0.0002,3,2,4,400,,,,,,,
